customer,channel,plan_revenue,actual_revenue,gross_profit,contribution,trade_spend,actual_units,revenue_gap,revenue_gap_pct,contribution_margin_pct
Customer A,Grocery,3668512.66,3591003.04,2055184.3,1957052.66,98131.64,338798,-77509.62000000011,-2.112835014722292,54.49877480471306
Customer B,Grocery,3175912.61,3111060.25,1768414.63,1676843.73,91570.9,295430,-64852.35999999987,-2.042007068953944,53.89942962371108
Customer C,Mass,3932340.3,3875267.77,2191731.49,2083238.73,108492.76,367736,-57072.529999999795,-1.4513629453686838,53.75728475144829
Customer D,Mass,2956578.89,2718985.61,1574643.83,1480316.5,94327.33,250193,-237593.28000000026,-8.036087952992188,54.44370483446582
Customer E,Club,2552184.44,2433061.14,1401509.65,1355529.61,45980.04,227486,-119123.29999999981,-4.667503575877918,55.71292836480056
Customer F,Convenience,2075574.44,1965367.8,1128083.05,1090578.35,37504.7,185090,-110206.6399999999,-5.3096934456371425,55.48978415134308
Customer G,Convenience,1908187.55,1797509.02,1057790.63,1017842.97,39947.66,163308,-110678.53000000003,-5.800191391040155,56.625194014325444
Customer H,E-commerce,2150755.98,2062971.06,1179755.77,1122477.63,57278.14,194993,-87784.91999999993,-4.081584373881409,54.41073080298081
Customer I,Grocery,2784929.05,2713431.38,1571667.47,1483863.68,87803.79,252105,-71497.66999999993,-2.567306696736127,54.68587453278438
Customer J,E-commerce,1677666.25,1596650.36,929162.91,873033.95,56128.96,147233,-81015.8899999999,-4.829082661703421,54.679093925109555
