event_group,week,customer,channel,category,sku,product,promo_type,baseline_units,actual_units,trade_spend,actual_revenue,gross_profit,contribution,incremental_gp,lift_pct,roti,roi,value_flag
2026-08-10_Customer C_EN-CITRUS-12_Deep Discount,2026-08-10,Customer C,Mass,Energy,EN-CITRUS-12,Citrus 12-pack,Deep Discount,277,618,1954.81,10831.37,4527.77,2572.96,269.65999999999997,123.10469314079424,0.13794691044142396,-0.8620530895585761,Value-destructive
2026-08-03_Customer A_EN-CITRUS-12_Deep Discount,2026-08-03,Customer A,Grocery,Energy,EN-CITRUS-12,Citrus 12-pack,Deep Discount,234,549,1836.45,9645.14,4045.34,2208.89,386.49,134.6153846153846,0.21045495385118027,-0.7895450461488197,Value-destructive
2026-08-03_Customer C_EN-CITRUS-12_Deep Discount,2026-08-03,Customer C,Mass,Energy,EN-CITRUS-12,Citrus 12-pack,Deep Discount,232,537,1766.25,9337.95,3860.5499999999997,2094.3,294.19,131.4655172413793,0.16656192498230715,-0.8334380750176928,Value-destructive
2026-09-21_Customer I_EN-CITRUS-12_Deep Discount,2026-09-21,Customer I,Grocery,Energy,EN-CITRUS-12,Citrus 12-pack,Deep Discount,173,409,1716.65,7300.42,3128.62,1411.97,352.12,136.41618497109826,0.20512043806250546,-0.7948795619374946,Value-destructive
2026-08-10_Customer I_EN-CITRUS-12_Deep Discount,2026-08-10,Customer I,Grocery,Energy,EN-CITRUS-12,Citrus 12-pack,Deep Discount,174,443,1606.75,7907.3,3388.7,1781.95,596.14,154.5977011494253,0.3710222498833048,-0.6289777501166952,Value-destructive
2026-07-27_Customer D_EN-CITRUS-12_Deep Discount,2026-07-27,Customer D,Mass,Energy,EN-CITRUS-12,Citrus 12-pack,Deep Discount,190,399,1602.15,7167.23,3097.4300000000003,1495.28,16.36,110.00000000000001,0.010211278594388789,-0.9897887214056112,Value-destructive
2026-08-17_Customer A_EN-CITRUS-12_Deep Discount,2026-08-17,Customer A,Grocery,Energy,EN-CITRUS-12,Citrus 12-pack,Deep Discount,200,465,1585.05,8169.38,3426.38,1841.33,299.15,132.50000000000003,0.18873221664931705,-0.8112677833506831,Value-destructive
2026-08-24_Customer A_EN-CITRUS-12_Deep Discount,2026-08-24,Customer A,Grocery,Energy,EN-CITRUS-12,Citrus 12-pack,Deep Discount,192,464,1535.1999999999998,8151.8,3419.0,1883.8,416.88,141.66666666666666,0.2715476810838979,-0.7284523189161021,Value-destructive
2026-07-20_Customer C_EN-CITRUS-12_Deep Discount,2026-07-20,Customer C,Mass,Energy,EN-CITRUS-12,Citrus 12-pack,Deep Discount,186,449,1425.85,7807.71,3227.91,1802.06,368.68,141.3978494623656,0.25856857313181614,-0.7414314268681839,Value-destructive
2026-08-31_Customer C_EN-CITRUS-12_Deep Discount,2026-08-31,Customer C,Mass,Energy,EN-CITRUS-12,Citrus 12-pack,Deep Discount,186,420,1425.0,7303.42,3019.42,1594.42,160.2,125.80645161290325,0.11242105263157894,-0.887578947368421,Value-destructive
2026-09-21_Customer B_EN-CITRUS-12_Deep Discount,2026-09-21,Customer B,Grocery,Energy,EN-CITRUS-12,Citrus 12-pack,Deep Discount,160,370,1409.3,6444.29,2670.29,1260.99,204.18,131.25,0.14488043709643086,-0.855119562903569,Value-destructive
2026-08-24_Customer C_EN-CITRUS-12_Deep Discount,2026-08-24,Customer C,Mass,Energy,EN-CITRUS-12,Citrus 12-pack,Deep Discount,180,423,1382.55,7355.59,3040.99,1658.44,274.0,135.0,0.19818451412245489,-0.8018154858775451,Value-destructive
2026-07-27_Customer B_EN-CITRUS-12_Deep Discount,2026-07-27,Customer B,Grocery,Energy,EN-CITRUS-12,Citrus 12-pack,Deep Discount,161,373,1338.0500000000002,6496.54,2691.94,1353.8899999999999,210.42,131.67701863354034,0.1572586973580957,-0.8427413026419043,Value-destructive
2026-07-20_Customer I_EN-CITRUS-12_Deep Discount,2026-07-20,Customer I,Grocery,Energy,EN-CITRUS-12,Citrus 12-pack,Deep Discount,169,381,1306.87,6869.929999999999,2983.7299999999996,1676.8600000000001,271.42,125.44378698224854,0.20768706910404253,-0.7923129308959574,Value-destructive
2026-08-17_Customer D_EN-CITRUS-12_Deep Discount,2026-08-17,Customer D,Mass,Energy,EN-CITRUS-12,Citrus 12-pack,Deep Discount,164,337,1300.25,6053.53,2616.13,1315.88,-43.31999999999999,105.48780487804876,-0.033316669871178616,-1.0333166698711787,Value-destructive
2026-09-14_Customer B_EN-CITRUS-12_Deep Discount,2026-09-14,Customer B,Grocery,Energy,EN-CITRUS-12,Citrus 12-pack,Deep Discount,149,331,1245.95,5765.02,2388.8199999999997,1142.87,92.25,122.14765100671138,0.0740398892411413,-0.9259601107588588,Value-destructive
2026-08-03_Customer I_EN-CITRUS-12_Deep Discount,2026-08-03,Customer I,Grocery,Energy,EN-CITRUS-12,Citrus 12-pack,Deep Discount,141,329,1232.65,5872.46,2516.66,1284.01,253.73000000000002,133.33333333333334,0.20584107410862776,-0.7941589258913723,Value-destructive
2026-07-20_Customer D_EN-CITRUS-12_Deep Discount,2026-07-20,Customer D,Mass,Energy,EN-CITRUS-12,Citrus 12-pack,Deep Discount,148,322,1219.7,5784.09,2499.69,1279.99,99.7,117.5675675675676,0.08174141182257932,-0.9182585881774207,Value-destructive
2026-09-28_Customer B_EN-CITRUS-12_Deep Discount,2026-09-28,Customer B,Grocery,Energy,EN-CITRUS-12,Citrus 12-pack,Deep Discount,131,318,1183.5,5538.6,2295.0,1111.5,275.87,142.7480916030534,0.23309674693705112,-0.7669032530629489,Value-destructive
2026-09-21_Customer D_EN-CITRUS-12_Deep Discount,2026-09-21,Customer D,Mass,Energy,EN-CITRUS-12,Citrus 12-pack,Deep Discount,125,277,1136.4499999999998,4975.75,2150.3500000000004,1013.9000000000001,123.33,121.60000000000002,0.10852215231642397,-0.891477847683576,Value-destructive
