category,sku,product,plan_revenue,actual_revenue,gross_profit,contribution,trade_spend,actual_units,avg_net_price,avg_competitor_price,revenue_gap,revenue_gap_pct,contribution_margin_pct,competitor_gap_pct
Electrolytes,EL-BRY-10,Berry 10-pack,1500577.89,1435993.24,865527.89,829928.25,35599.64,125377,11.608942307692308,12.171349358974359,-64584.64999999991,-4.303985180002878,57.79471844867459,4.844602000557696
Electrolytes,EL-LEM-10,Lemon 10-pack,1543428.35,1486817.0,900125.0,860553.42,39571.58,130376,11.581185897435898,12.179634615384614,-56611.35000000009,-3.6678962129988113,57.87890641551717,5.167421741163958
Energy,EN-BERRY-4,Berry 4-pack,1366649.76,1310722.4,767914.85,732120.85,35794.0,130797,10.159471153846154,10.649019230769232,-55927.3600000001,-4.092296478360346,55.85628581612705,4.818637402575288
Energy,EN-CITRUS-12,Citrus 12-pack,2592611.03,2582701.62,1471707.42,1380735.6,90971.82,108921,24.70073076923077,26.370307692307694,-9909.409999999683,-0.3822173818337715,53.460902696146526,6.759220764256435
Energy,EN-CITRUS-4,Citrus 4-pack,1391398.38,1337594.77,768679.12,730133.74,38545.38,140473,9.65851282051282,10.144935897435898,-53803.60999999987,-3.8668731237131326,54.58557078538816,5.036210915307882
Energy,EN-TROPIC-12,Tropical 12-pack,2344797.99,2243712.87,1319558.47,1285586.65,33971.82,88861,25.61520512820513,26.870060897435895,-101085.12000000011,-4.311037472358126,57.297289113468416,4.898870662757382
Protein,PR-CHO-4,Chocolate 4-pack,1602987.46,1527875.96,806241.01,773464.95,32776.06,127723,12.108522435897434,12.672855769230768,-75111.5,-4.685719749797668,50.62354341906132,4.660629208236733
Protein,PR-COF-4,Coffee 4-pack,1314253.27,1251319.13,676286.03,642355.51,33930.52,100883,12.577679487179488,13.175022435897436,-62934.14000000013,-4.788585384307254,51.33426754212573,4.749230168623897
Protein,PR-VAN-12,Vanilla 12-pack,2626120.21,2485266.15,1361696.4,1329651.56,32044.84,78847,31.95025,33.46051282051282,-140854.06000000006,-5.363580062467898,53.50137489298682,4.726920197847639
Protein,PR-VAN-4,Vanilla 4-pack,1513108.55,1442383.01,772181.66,737737.42,34444.24,120757,12.09925,12.662128205128203,-70725.54000000004,-4.674188114263189,51.147123536903,4.6521743507093705
Snack Bars,SB-BRY-6,Berry 6-pack,942138.14,903116.72,506663.48,473284.26,33379.22,133038,6.87435576923077,7.191698717948717,-39021.42000000004,-4.141793898716384,52.40565804163165,4.616330015073644
Snack Bars,SB-CHO-6,Chocolate 6-pack,1111210.78,1073671.37,597930.77,557271.21,40659.56,161268,6.759743589743589,7.093330128205128,-37539.409999999916,-3.3782438647688373,51.90333146351848,4.934899290672545
Snack Bars,SB-MIX-18,Variety 18-pack,1545496.22,1473862.58,852385.33,821764.09,30621.24,85721,17.442288461538464,18.250967948717946,-71633.6399999999,-4.634992895679801,55.755814765308706,4.636315291784565
Snack Bars,SB-PNT-6,Peanut 6-pack,1176694.8,1131049.05,637378.05,600855.21,36522.84,164557,6.971564102564102,7.299929487179487,-45645.75,-3.8791494616955857,53.12370935637141,4.710067637398807
Sparkling Water,SW-BERRY-8,Berry 8-pack,1051116.74,1015552.72,621857.32,579525.74,42331.58,187474,5.502663461538462,5.775317307692308,-35564.02000000002,-3.3834510142041863,57.065057144448396,4.954943148160784
Sparkling Water,SW-GRAPE-8,Grapefruit 8-pack,968088.73,932381.2,568647.44,530196.0,38451.44,174872,5.41524358974359,5.677326923076922,-35707.53000000003,-3.6884563256923797,56.86472442816307,4.839733042290373
Sparkling Water,SW-LEMON-12,Lemon 12-pack,1207514.06,1161989.15,716146.55,677083.79,39062.76,156436,7.540448717948718,7.9021987179487185,-45524.91000000015,-3.770134982941742,58.269372825038865,4.797459853269981
Sparkling Water,SW-LIME-8,Lime 8-pack,1083892.49,1069298.49,647016.94,598529.56,48487.38,205991,5.296544871794872,5.572506410256411,-14594.0,-1.346443501974992,55.97403957804149,5.210218078791096
